trait	#chrom	pos	ref	alt	pval	beta	se	study_doi
Asthma (self-reported doctor-diagnosed)	1	10497194	T	C	9.7E-06	0.039220713153281		10.1038/cti.2017.54
Asthma (self-reported doctor-diagnosed)	1	154453788	C	T	5.8E-06	0.029558802241545		10.1038/cti.2017.54
Asthma (self-reported doctor-diagnosed)	1	161189357	C	T	4.7E-07	0.039220713153281		10.1038/cti.2017.54
Asthma (self-reported doctor-diagnosed)	1	167464183	A	G	5.7E-12	-0.051293294387551		10.1038/cti.2017.54
Asthma (self-reported doctor-diagnosed)	1	173182897	T	G	5.8E-07	0.039220713153281		10.1038/cti.2017.54
Asthma (self-reported doctor-diagnosed)	1	203131376	T	A	5.9E-11	-0.051293294387551		10.1038/cti.2017.54
Asthma (self-reported doctor-diagnosed)	2	8317950	G	A	1.8E-13	-0.061875403718088		10.1038/cti.2017.54
Asthma (self-reported doctor-diagnosed)	2	102369762	G	A	7.4E-40	-0.105360515657826		10.1038/cti.2017.54
Asthma (self-reported doctor-diagnosed)	2	241759225	G	A	1.5E-39	-0.116533816255952		10.1038/cti.2017.54
Asthma (self-reported doctor-diagnosed)	3	188684683	C	T	4.1E-10	-0.061875403718088		10.1038/cti.2017.54
Asthma (self-reported doctor-diagnosed)	4	38798089	T	C	1.3E-17	-0.083381608939051		10.1038/cti.2017.54
Asthma (self-reported doctor-diagnosed)	5	111066174	T	C	3.4E-41	0.113328685307003		10.1038/cti.2017.54
Asthma (self-reported doctor-diagnosed)	5	132634182	T	C	1E-24	0.095310179804325		10.1038/cti.2017.54
Asthma (self-reported doctor-diagnosed)	5	142149394	C	T	1.8E-08	0.039220713153281		10.1038/cti.2017.54
Asthma (self-reported doctor-diagnosed)	6	31354420	T	A	6.1E-55	0.113328685307003		10.1038/cti.2017.54
Asthma (self-reported doctor-diagnosed)	6	32652506	C	T	1.9E-105	0.165514438477573		10.1038/cti.2017.54
Asthma (self-reported doctor-diagnosed)	6	90275479	A	T	2.5E-21	-0.072570692834835		10.1038/cti.2017.54
Asthma (self-reported doctor-diagnosed)	8	80379644	T	C	9.6E-18	-0.061875403718088		10.1038/cti.2017.54
Asthma (self-reported doctor-diagnosed)	9	6190076	A	C	6.4E-48	0.139761942375159		10.1038/cti.2017.54
Asthma (self-reported doctor-diagnosed)	10	9007290	C	T	1E-33	-0.150822889734584		10.1038/cti.2017.54
Asthma (self-reported doctor-diagnosed)	11	76559639	A	G	8.9E-33	0.095310179804325		10.1038/cti.2017.54
Asthma (self-reported doctor-diagnosed)	12	57115272	T	C	1.4E-21	0.067658648473815		10.1038/cti.2017.54
Asthma (self-reported doctor-diagnosed)	14	68283210	G	A	1.4E-12	0.058268908123976		10.1038/cti.2017.54
Asthma (self-reported doctor-diagnosed)	15	60777789	C	T	7.3E-17	-0.094310679471241		10.1038/cti.2017.54
Asthma (self-reported doctor-diagnosed)	15	67154447	G	A	3.5E-14	-0.051293294387551		10.1038/cti.2017.54
Asthma (self-reported doctor-diagnosed)	16	11134855	C	T	7.7E-23	-0.083381608939051		10.1038/cti.2017.54
Asthma (self-reported doctor-diagnosed)	17	39913696	C	T	1.7E-44	0.104360015324243		10.1038/cti.2017.54
Asthma (self-reported doctor-diagnosed)	22	37137994	G	A	0.00042	-0.030459207484709		10.1038/cti.2017.54
