trait	#chrom	pos	alt	ref	beta	se	pval	study_doi
basal cell carcinoma	6	396321	T	C	0.392042088		2.40E-152	10.1038/ncomms12510
basal cell carcinoma	16	89919709	T	C	0.336472237		2.50E-63	10.1038/ncomms12510
basal cell carcinoma	6	475489	T	C	0.223143551		1.00E-51	10.1038/ncomms12510
basal cell carcinoma	20	2302811	C	T	0.173953307		7.90E-33	10.1038/ncomms12510
basal cell carcinoma	5	33946466	A	G	-0.46203546		5.20E-27	10.1038/ncomms12510
basal cell carcinoma	20	34077942	A	G	0.21511138		2.50E-26	10.1038/ncomms12510
basal cell carcinoma	1	17418040	G	A	0.122217633		1.00E-23	10.1038/ncomms12510
basal cell carcinoma	10	8894035	A	G	-0.174353387		2.80E-23	10.1038/ncomms12510
basal cell carcinoma	11	89284793	A	G	0.113328685		2.50E-19	10.1038/ncomms12510
basal cell carcinoma	5	1325475	C	T	-0.105360516		1.10E-18	10.1038/ncomms12510
basal cell carcinoma	2	201300483	T	C	0.122217633		7.40E-19	10.1038/ncomms12510
basal cell carcinoma	1	228843990	G	A	0.104360015		1.10E-14	10.1038/ncomms12510
basal cell carcinoma	15	28165345	C	T	-0.139262067		8.20E-17	10.1038/ncomms12510
basal cell carcinoma	8	76562310	G	T	-0.198450939		4.60E-15	10.1038/ncomms12510
basal cell carcinoma	9	22054691	C	T	-0.094310679		4.50E-13	10.1038/ncomms12510
basal cell carcinoma	12	52519884	T	C	0.173953307		1.10E-15	10.1038/ncomms12510
basal cell carcinoma	17	7668434	G	T	0.343589704		1.80E-10	10.1038/ncomms12510
basal cell carcinoma	7	130900794	G	T	-0.061875404		8.50E-11	10.1038/ncomms12510
basal cell carcinoma	2	16280877	C	T	-0.072570693		4.70E-12	10.1038/ncomms12510
basal cell carcinoma	13	99389484	G	C	0.039220713		2.60E-02	10.1038/ncomms12510
basal cell carcinoma	3	71572518	A	T	0.105360516		2.30E-17	10.1038/ncomms12510
basal cell carcinoma	9	16884588	A	T	0.105360516		1.50E-17	10.1038/ncomms12510
basal cell carcinoma	3	188374758	T	G	0.104360015		1.20E-14	10.1038/ncomms12510
basal cell carcinoma	6	32717158	T	C	-0.116533816		2.40E-12	10.1038/ncomms12510
basal cell carcinoma	7	101775373	A	G	-0.105360516		1.50E-13	10.1038/ncomms12510
basal cell carcinoma	8	80477556	T	C	-0.083381609		8.80E-11	10.1038/ncomms12510
basal cell carcinoma	21	41668857	T	A	-0.094310679		1.60E-12	10.1038/ncomms12510
basal cell carcinoma	19	4837475	A	G	-0.072570693		2.80E-08	10.1038/ncomms12510
basal cell carcinoma	6	31356838	T	C	-0.105360516		2.60E-09	10.1038/ncomms12510
basal cell carcinoma	7	47403036	T	C	-0.061875404		4.20E-08	10.1038/ncomms12510
basal cell carcinoma	6	31857135	T	A	0.157003749		1.10E-08	10.1038/ncomms12510
basal cell carcinoma	10	103920874	G	T	0.09531018		4.70E-09	10.1038/ncomms12510
basal cell carcinoma	6	166981146	T	A	0.076961041		1.10E-08	10.1038/ncomms12510
basal cell carcinoma	6	22056694	C	A	0.067658648		3.10E-08	10.1038/ncomms12510