trait	#chrom	pos	alt	ref	beta	se	pval	study_doi	rsids	notes
MELANOMA	1	150887995	T	C	0.139761942		9.00E-11	10.18632/oncotarget.15230		
MELANOMA	2	38049406	A	G	0.09531018		7.00E-09	10.18632/oncotarget.15230		
MELANOMA	2	201298088	A	G	0.131028262		9.00E-10	10.18632/oncotarget.15230		
MELANOMA	5	33951588	C	G	-0.867500568		1.47E-23	10.18632/oncotarget.15230		
MELANOMA	5	33953574	C	G	-0.867500568		1.47E-23	10.18632/oncotarget.15230		
MELANOMA	6	21163688	C	T	0.09531018		3.50E-08	10.18632/oncotarget.15230		
MELANOMA	7	16944656	T	C	0.09531018		7.10E-09	10.18632/oncotarget.15230		
MELANOMA	9	21816529	G	A	-0.15082289		7.00E-09	10.18632/oncotarget.15230		
MELANOMA	9	106298549	T	C	0.122217633		7.10E-11	10.18632/oncotarget.15230		
MELANOMA	10	103909085	G	A	0.157003749		2.20E-09	10.18632/oncotarget.15230		
MELANOMA	11	69552350	A	C	0.113328685		1.50E-12	10.18632/oncotarget.15230		
MELANOMA	11	89277878	A	G	0.254642218		2.00E-14	10.18632/oncotarget.15230		
MELANOMA	11	108304735	A	G	-0.127833372		3.00E-09	10.18632/oncotarget.15230		
MELANOMA	15	28090674	G	A	-0.174353387		2.20E-11	10.18632/oncotarget.15230		
MELANOMA	15	28090687	G	A	-0.174353387		2.20E-11	10.18632/oncotarget.15230		
MELANOMA	16	54080912	A	G	0.148420005		3.60E-12	10.18632/oncotarget.15230		
MELANOMA	16	89689495	A	G	0.512823626		3.00E-27	10.18632/oncotarget.15230		
MELANOMA	16	90000528	A	C	0.277631737		6.00E-22	10.18632/oncotarget.15230		
MELANOMA	20	34583968	A	G	0.559615788		9.90E-16	10.18632/oncotarget.15230		
MELANOMA	20	34989186	C	G	0.438254931		1.60E-18	10.18632/oncotarget.15230		
MELANOMA	21	41374154	C	T	-0.127833372		3.00E-09	10.18632/oncotarget.15230		
MELANOMA	22	38148291	G	A	-0.186329578		2.00E-09	10.18632/oncotarget.15230		
Melanoma (meta-analysis of self-reported & diagnosed)	1	63261871	T	C	-0.15082289		1.21E-08	10.1038/s41588-020-0611-8	rs670318	
Melanoma (meta-analysis of self-reported & diagnosed)	1	155022502	G	T	-0.083381609		3.86E-15	10.1038/s41588-020-0611-8	rs76798800	
Melanoma (meta-analysis of self-reported & diagnosed)	1	205211934	T	C	0.09531018		1.24E-08	10.1038/s41588-020-0611-8	rs2369633	
Melanoma (meta-analysis of self-reported & diagnosed)	2	25555768	T	C	-0.072570693		5.17E-09	10.1038/s41588-020-0611-8	rs12473635	
Melanoma (meta-analysis of self-reported & diagnosed)	3	69964940	G	A	-0.94160854		9.00E-14	10.1038/s41588-020-0611-8	rs149617956	
Melanoma (meta-analysis of self-reported & diagnosed)	3	169775495	C	G	0.076961041		4.47E-11	10.1038/s41588-020-0611-8	rs3950296	
Melanoma (meta-analysis of self-reported & diagnosed)	5	90966795	T	C	0.067658648		1.74E-06	10.1038/s41588-020-0611-8	rs12523094	
Melanoma (meta-analysis of self-reported & diagnosed)	5	149832305	G	A	0.086177696		6.58E-17	10.1038/s41588-020-0611-8	rs32578	
Melanoma (meta-analysis of self-reported & diagnosed)	6	1145030	G	A	-0.061875404		7.91E-09	10.1038/s41588-020-0611-8	rs12215602	
Melanoma (meta-analysis of self-reported & diagnosed)	6	22719150	T	A	0.09531018		1.04E-12	10.1038/s41588-020-0611-8	rs72834823	
Melanoma (meta-analysis of self-reported & diagnosed)	6	32781176	C	T	0.139761942		1.61E-08	10.1038/s41588-020-0611-8	rs28986343	
Melanoma (meta-analysis of self-reported & diagnosed)	6	90296024	G	T	0.086177696		3.92E-09	10.1038/s41588-020-0611-8	rs6908626	
Melanoma (meta-analysis of self-reported & diagnosed)	7	22075836	C	T	-0.072570693		1.65E-08	10.1038/s41588-020-0611-8	rs12539524	
Melanoma (meta-analysis of self-reported & diagnosed)	7	124756591	G	A	-0.072570693		2.22E-15	10.1038/s41588-020-0611-8	rs4731207	
Melanoma (meta-analysis of self-reported & diagnosed)	7	131053907	C	T	-0.072570693		8.93E-09	10.1038/s41588-020-0611-8	rs7778378	
Melanoma (meta-analysis of self-reported & diagnosed)	8	22093498	A	T	-0.083381609		4.84E-09	10.1038/s41588-020-0611-8	rs6994183	
Melanoma (meta-analysis of self-reported & diagnosed)	8	71952005	G	A	-0.072570693		2.28E-08	10.1038/s41588-020-0611-8	rs13263376	
Melanoma (meta-analysis of self-reported & diagnosed)	9	12587153	G	T	-0.072570693		3.08E-12	10.1038/s41588-020-0611-8	rs10960710	
Melanoma (meta-analysis of self-reported & diagnosed)	9	107949305	C	G	0.09531018		5.61E-19	10.1038/s41588-020-0611-8	rs1339759b	
Melanoma (meta-analysis of self-reported & diagnosed)	9	131582193	G	A	-0.061875404		1.92E-08	10.1038/s41588-020-0611-8	rs3780269	
Melanoma (meta-analysis of self-reported & diagnosed)	11	16019759	G	T	0.058268908		1.40E-09	10.1038/s41588-020-0611-8	rs7941496	
Melanoma (meta-analysis of self-reported & diagnosed)	11	120324993	T	C	-0.061875404		2.20E-08	10.1038/s41588-020-0611-8	rs12290699	
Melanoma (meta-analysis of self-reported & diagnosed)	12	12917818	A	G	-0.072570693		2.74E-09	10.1038/s41588-020-0611-8	rs1056927	
Melanoma (meta-analysis of self-reported & diagnosed)	12	17122526	T	A	-0.072570693		1.27E-09	10.1038/s41588-020-0611-8	rs4237963	
Melanoma (meta-analysis of self-reported & diagnosed)	12	95985029	C	T	0.067658648		2.09E-10	10.1038/s41588-020-0611-8	rs10859996	
Melanoma (meta-analysis of self-reported & diagnosed)	12	116142486	G	A	-0.094310679		8.76E-10	10.1038/s41588-020-0611-8	rs113469387	
Melanoma (meta-analysis of self-reported & diagnosed)	13	112881635	G	C	-0.061875404		6.33E-12	10.1038/s41588-020-0611-8	rs1278768	
Melanoma (meta-analysis of self-reported & diagnosed)	15	32985509	C	T	-0.223143551		7.29E-12	10.1038/s41588-020-0611-8	rs117648907	
Melanoma (meta-analysis of self-reported & diagnosed)	16	68789068	A	G	-0.072570693		8.34E-14	10.1038/s41588-020-0611-8	rs4420522	
Melanoma (meta-analysis of self-reported & diagnosed)	16	82183548	G	T	0.058268908		2.24E-09	10.1038/s41588-020-0611-8	rs2967383	
Melanoma (meta-analysis of self-reported & diagnosed)	17	7668434	T	G	-0.274436846		3.33E-10	10.1038/s41588-020-0611-8	rs78378222	
Melanoma (meta-analysis of self-reported & diagnosed)	19	3540541	G	C	-0.430782916		3.86E-10	10.1038/s41588-020-0611-8	rs12984831	
Melanoma (meta-analysis of self-reported & diagnosed)	20	63660414	G	T	0.139761942		6.54E-13	10.1038/s41588-020-0611-8	rs143190905	
Melanoma (meta-analysis of self-reported & diagnosed)	22	45226803	A	G	0.058268908		1.44E-09	10.1038/s41588-020-0611-8	rs5766565	
Melanoma (meta-analysis of self-reported & diagnosed)	22	50283979	T	C	-0.083381609		8.68E-09	10.1038/s41588-020-0611-8	rs79966207	