trait	#chrom	pos	snp	gene	alt	ref	beta	se	pval	study_doi
G6_PARKINSON	1	155162560	rs35749011	GBA	G	A	-0.544727160619787		2.59E-35	https://dx.doi.org/10.1038%2Fng.3955
G6_PARKINSON	1	205754444	rs823118	NUCKS1, SLC41A1	C	T	-0.116533831556429		1.12E-23	https://dx.doi.org/10.1038%2Fng.3955
G6_PARKINSON	1	226728377	rs4653767	ITPKB	C	T	-0.083381671904519		1.63E-11	https://dx.doi.org/10.1038%2Fng.3955
G6_PARKINSON	1	232528865	rs10797576	SIPA1L2	T	C	0.113328679158683		8.41E-13	https://dx.doi.org/10.1038%2Fng.3955
G6_PARKINSON	2	101796654	rs34043159	IL1R2	C	T	0.076961051527811		5.48E-11	https://dx.doi.org/10.1038%2Fng.3955
G6_PARKINSON	2	134782397	rs6430538	TMEM163,CCNT2	T	C	-0.116533831556429		8.24E-24	https://dx.doi.org/10.1038%2Fng.3955
G6_PARKINSON	2	165277122	rs353116	SCN3A	T	C	-0.061875296877445		2.98E-08	https://dx.doi.org/10.1038%2Fng.3955
G6_PARKINSON	2	168253884	rs1474055	STK39	C	T	-0.186329560636755		5.68E-26	https://dx.doi.org/10.1038%2Fng.3955
G6_PARKINSON	3	18235996	rs4073221	SATB1	G	T	0.095310190952924		1.57E-08	https://dx.doi.org/10.1038%2Fng.3955
G6_PARKINSON	3	48711556	rs12497850	NCKIPSD, CDC71	G	T	-0.072570804634403		9.16E-09	https://dx.doi.org/10.1038%2Fng.3955
G6_PARKINSON	3	52782824	rs143918452	ALAS1, TLR9, DNAH1, BAP1, PHF7, NISCH, STAB1, ITIH3, ITIH4	G	A	-0.385662510069175		3.2E-08	https://dx.doi.org/10.1038%2Fng.3955
G6_PARKINSON	3	87471707	rs115185635	CHMP2B	C	G	0.190620358879997		0.000122	https://dx.doi.org/10.1038%2Fng.3955
G6_PARKINSON	3	183044649	rs12637471	MCCC1	A	G	-0.162518988707122		2.11E-30	https://dx.doi.org/10.1038%2Fng.3955
G6_PARKINSON	4	958159	rs34311866	TMEM175,DGKQ	C	T	0.20701416606999		1.47E-50	https://dx.doi.org/10.1038%2Fng.3955
G6_PARKINSON	4	15735478	rs11724635	FAM200B, CD38	C	A	-0.105360537392675		1.22E-19	https://dx.doi.org/10.1038%2Fng.3955
G6_PARKINSON	4	76277833	rs6812193g	FAM47E	T	C	-0.083381671904519		1.43E-14	https://dx.doi.org/10.1038%2Fng.3955
G6_PARKINSON	4	89704960	rs356182	SNCA	G	A	0.285178940006865		5.21E-123	https://dx.doi.org/10.1038%2Fng.3955
G6_PARKINSON	4	113439216	rs78738012	ANK2, CAMK2D	C	T	0.122217624703379		4.78E-11	https://dx.doi.org/10.1038%2Fng.3955
G6_PARKINSON	5	60978096	rs2694528	ELOVL7	C	A	0.139761941560938		4.84E-15	https://dx.doi.org/10.1038%2Fng.3955
G6_PARKINSON	6	27713436	rs9468199	ZNF184	A	G	0.104360018118067		1.46E-12	https://dx.doi.org/10.1038%2Fng.3955
G6_PARKINSON	6	32698883	rs9275326	HLA-DRB6, HLA-DQA1	T	C	-0.162518988707122		1.26E-13	https://dx.doi.org/10.1038%2Fng.3955
G6_PARKINSON	7	23254127	rs199347	KLHL7, NUPL2, GPNMB	G	A	-0.094310661789906		3.51E-18	https://dx.doi.org/10.1038%2Fng.3955
G6_PARKINSON	8	11849665	rs2740594	CTSB	A	G	0.086177700982942		5.91E-12	https://dx.doi.org/10.1038%2Fng.3955
G6_PARKINSON	8	16839582	rs591323	MICU3	A	G	-0.094310661789906		2.38E-11	https://dx.doi.org/10.1038%2Fng.3955
G6_PARKINSON	8	22668467	rs2280104	SORBS3, PDLIM2, C8orf58, BIN3	T	C	0.067658653803817		2.53E-08	https://dx.doi.org/10.1038%2Fng.3955
G6_PARKINSON	9	17579692	rs13294100	SH3GL2	T	G	-0.083381671904519		4.84E-13	https://dx.doi.org/10.1038%2Fng.3955
G6_PARKINSON	10	15527599	rs10906923	FAM171A1	C	A	-0.072570804634403		1.35E-08	https://dx.doi.org/10.1038%2Fng.3955
G6_PARKINSON	10	119776815	rs117896735	BAG3	A	G	0.500775278209612		2.23E-19	https://dx.doi.org/10.1038%2Fng.3955
G6_PARKINSON	11	83833429	rs3793947	DLG2	A	G	-0.072570804634403		3.72E-09	https://dx.doi.org/10.1038%2Fng.3955
G6_PARKINSON	11	133895472	rs329648	MIR4697	T	C	0.086177700982942		1.11E-13	https://dx.doi.org/10.1038%2Fng.3955
G6_PARKINSON	12	40220632	rs76904798h	LRRK2	T	C	0.139761941560938		1.21E-19	https://dx.doi.org/10.1038%2Fng.3955
G6_PARKINSON	12	122819039	rs11060180	OGFOD2	G	A	-0.105360537392675		2.05E-20	https://dx.doi.org/10.1038%2Fng.3955
G6_PARKINSON	14	54882151	rs11158026	GCH1	T	C	-0.094310661789906		4.3E-16	https://dx.doi.org/10.1038%2Fng.3955
G6_PARKINSON	14	67517653	rs1555399	TMEM229B	T	A	0.086177700982942		9.61E-11	https://dx.doi.org/10.1038%2Fng.3955
G6_PARKINSON	14	88006268	rs8005172	GALC	T	C	0.076961051527811		8.77E-11	https://dx.doi.org/10.1038%2Fng.3955
G6_PARKINSON	15	61701935	rs2414739	VPS13C	G	A	-0.094310661789906		3.94E-14	https://dx.doi.org/10.1038%2Fng.3955
G6_PARKINSON	16	19268142	rs11343	COQ7	T	G	0.067658653803817		9.13E-11	https://dx.doi.org/10.1038%2Fng.3955
G6_PARKINSON	16	31110472	rs14235	ZNF646, KAT8	A	G	0.076961051527811		5.44E-12	https://dx.doi.org/10.1038%2Fng.3955
G6_PARKINSON	16	52565276	rs4784227	TOX3	T	C	0.086177700982942		9.75E-11	https://dx.doi.org/10.1038%2Fng.3955
G6_PARKINSON	17	42546140	rs601999	ATP6V0A1, PSMC3IP, TUBG2	C	T	-0.072570804634403		8.03E-09	https://dx.doi.org/10.1038%2Fng.3955
G6_PARKINSON	17	45917282	rs17649553	ARHGAP27, CRHR1, SPPL2C, MAPT, STH, KANSL1	T	C	-0.24846136549356		1.26E-68	https://dx.doi.org/10.1038%2Fng.3955
G6_PARKINSON	18	43093415	rs12456492	SYT4	G	A	0.095310190952924		5.56E-16	https://dx.doi.org/10.1038%2Fng.3955
G6_PARKINSON	19	2363321	rs62120679	LSM7	t	C	0.076961051527811		6.64E-07	https://dx.doi.org/10.1038%2Fng.3955
G6_PARKINSON	20	3187520	rs8118008	DDRGK1	A	G	0.067658653803817		1.99E-06	https://dx.doi.org/10.1038%2Fng.3955
